{"filename": "pyntcloud_plot", "camera_position": [3.67251372289101, 3.67251372289101, 3.67251372289101], "look_at": [0.004563906113994359, 0.002120111204657859, -0.0013077452265388666], "point_size": 0.03405058706495113, "point_opacity": 0.9, "polylines_points": [], "polylines_colors": []}