{"filename": "pyntcloud_plot", "camera_position": [1.158534049987793, 2.5813798904418945, 6.421760082244873], "look_at": [0.029972486197948456, 1.1250594854354858, 2.887650489807129], "point_size": 0.03641662120819092, "point_opacity": 0.9, "polylines_points": [], "polylines_colors": []}