{"filename": "pyntcloud_plot", "camera_position": [49.99980163574219, 49.99959945678711, 50.0], "look_at": [-1.1070964589521282e-08, -6.928870366351703e-09, -0.02497485838830471], "point_size": 0.5, "point_opacity": 0.9, "polylines_points": [], "polylines_colors": []}